Claim,Score,Include,Reason
"Given the extensive conversation and breadth of topics covered in the provided transcript, pinpointing and listing all strong claims, especially of scientific and technical nature, becomes a complex endeavor. The conversation spans various subjects including the vaccine schedule in the United States, the comparison of various mercury compounds, the mechanism of action for adjuvants in vaccines, specific studies about vaccine safety, and broader public health claims.",0,false,"Error processing claim"
"Here's an attempt to list notable claims made along with any sources mentioned, formatted as requested:",0,false,"Error processing claim"
"1. **Vaccine Schedule and Autism**: There was a significant increase in the vaccine schedule around 1989, coinciding with the beginning of the autism epidemic as determined by EPA.",0,false,"Error processing claim"
"2. **Mercury in Vaccines vs. Fish Consumption**: Ethylmercury (used in vaccines) is claimed to be processed differently by the body compared to methylmercury (found in fish), with ethylmercury being suggested to cross the blood-brain barrier more readily than methylmercury.",0,false,"Error processing claim"
"3. **Safety Studies for Vaccines**: The claim that none of the 72 vaccines on the recommended schedule have been tested in pre-licensure, placebo-controlled safety studies, as admitted by federal health agencies during litigation.",0,false,"Error processing claim"
"4. **DTP Vaccine in Africa**: The DTP (Diphtheria-Tetanus-Pertussis) vaccine is associated with increased mortality in children, particularly in girls, based on a study conducted in guinea-Bissau, published in ""EBioMedicine"" by Morgensen et al., suggesting the vaccine may have harmed more children than it saved by compromising their immune systems.",0,false,"Error processing claim"
"5. **Simpsonwood Conference**: A mention of a secret meeting where discussions about the connection between thimerosal (a mercury-containing preservative) in vaccines and neurodevelopmental disorders including autism took place.",0,false,"Error processing claim"
"6. **Mercury Types and Toxicity**: The distinction between ethylmercury and methylmercury's toxicological profiles, with a focus on their neurological impact and retention in the brain post-exposure.",0,false,"Error processing claim"
"7. **Vaccine Adjuvants and Immune Response**: Explains the purpose of adjuvants in vaccines (to enhance the immune response), and the concern over their potential toxic effects on the body.",0,false,"Error processing claim"
"8. **Vaccine Liability and the 1986 National Childhood Vaccine Injury Act**: The act provided vaccine manufacturers with immunity from liability for vaccine injuries, leading to an increase in the number of vaccines added to the schedule.",0,false,"Error processing claim"
"9. **Efficacy of Vaccines in Reducing Infectious Disease Rates**: Challenges the narrative that vaccines are primarily responsible for the significant reductions in infectious disease rates in the 20th century, citing changes in sanitation, nutrition, and other environmental factors.",0,false,"Error processing claim"
"Note: This list summarizes claims without validation or endorsement of their accuracy. Each claim emanates from a conversation rich with allegations requiring detailed scientific review, including literature verification, for objective assessment.",0,false,"Without a specific claim provided in the request, it's impossible to evaluate it against the criteria for inclusion in fact-checking. A concrete statement about science, health, technology, or public policy, with specific assertions that are clear and unambiguous, is necessary for a meaningful analysis."
"I'll provide a list of notable claims from the transcript using the requested formatting. However, it's important to note that some of these claims may require further context for accurate interpretation, and verifying these claims would necessitate a detailed analysis of existing research, databases, and scientific studies which are not directly provided in the transcript. The format will be ""[Topic]: [Claim statement]"".",0,false,"Error processing claim"
"1. **Vaccine and Autism Connection**: ""Children who received the hepatitis B vaccine within their first month of life had an 1135% greater risk for an autism diagnosis.""",0,false,"Error processing claim"
"2. **Relative Risk in Epidemiology**: ""A relative risk of two is considered proof of causation in epidemiology, as long as there's biological plausibility.""",0,false,"Error processing claim"
"3. **Comparative Risk of Smoking**: ""The relative risk of smoking a pack of cigarettes a day for 20 years and getting lung cancer is 10.""",0,false,"Error processing claim"
"4. **Secrecy and Data Manipulation**: ""CDC and industry experts held a secret meeting to discuss hiding the data linking autism to early vaccination.""",0,false,"Error processing claim"
"5. **Increase in Chronic Diseases**: ""In the 1960s, 6% of Americans had chronic diseases, compared to more than 54% now.""",0,false,"Error processing claim"
"6. **Autism Prevalence**: ""Autism went from one in 10,000 in my generation to one in every 34 kids now.""",0,false,"Error processing claim"
"7. **Effectiveness of Diagnostic Changes**: ""Better diagnostics or changing diagnostic criteria cannot explain the increased rates of autism.""",0,false,"Error processing claim"
"8. **Wifi and Cell Phone Radiation**: ""WiFi and cell phone radiation is extremely dangerous, causing cancer and opening up your blood-brain barrier.""",0,false,"Error processing claim"
"9. **Impact of Environmental Toxins**: ""Our children are swimming in a toxic soup contributing to a surge in chronic diseases.""",0,false,"Error processing claim"
"10. **Mitochondrial Damage from WIFI**: ""WiFi radiation degrades your mitochondria and opens your blood brain barrier.""",0,false,"Error processing claim"
"These claims cover a broad range of topics from vaccine safety to environmental health risks. Each claim, especially those related to health and science, requires careful examination through peer-reviewed studies, scientific consensus, and health authority guidelines to determine their accuracy and relevance.",0,false,"Error processing claim"
"The transcript provided contains a multitude of claims, many of which are interrelated and expansive, touching upon various subjects ranging from health, politics, environmental issues, to personal anecdotes. Identifying each claim, especially the scientific or technical ones, requires careful parsing through the nuanced conversation. It should be noted that the evaluation of these claims strictly adheres to their representation within the provided text, without external verification or validation against the current scientific consensus or data available up to my last training cutoff in September 2021.",0,false,"The provided text does not contain a specific claim to evaluate. It describes a process for evaluating claims but does not make a concrete statement about science, health, technology, or public policy that can be analyzed. Therefore, it does not meet the criteria for inclusion in fact-checking."
"1. **Chronic Disease in Children**: More than 54% of children now have chronic disease.",0,false,"Error processing claim"
"2. **NIH Suppression**: The claim that the National Institutes of Health (NIH) is suppressing studies rather than conducting them on why kids have chronic disease.",0,false,"Error processing claim"
"3. **Chronic Disease and COVID Deaths**: The United States, having 4.2% of the global population, accounted for 16% of the COVID deaths, which is attributed, in part, to the high burden of chronic disease in the country.",0,false,"Error processing claim"
"4. **Healthcare Spending on Chronic Disease**: 80% of the $4.3 trillion spent on healthcare every year in the United States goes to chronic disease.",0,false,"Error processing claim"
"5. **Glyphosate in Bloodstreams**: A recent study showed that an enormous percentage of Americans, somewhere in the 90% range, had glyphosate in their blood.",0,false,"Error processing claim"
"6. **Glyphosate and Disease**: Glyphosate exposure is linked to many diseases, including non-alcoholic fatty liver, various cancers, kidney diseases, and severe damage to the microbiome.",0,false,"Error processing claim"
"7. **Glyphosate as a Tank Scouring Agent**: Glyphosate was originally developed as a tank scalant before being repurposed as a herbicide by Monsanto in 1973.",0,false,"Error processing claim"
"8. **Roundup Ready Crops**: By applying a gene from glyphosate-resistant bacteria to crops, Monsanto was able to develop crops that could not be killed by glyphosate, leading to widespread adoption of Roundup Ready crops.",0,false,"Error processing claim"
"9. **Glyphosate Use and Celiac Disease**: The spraying of glyphosate on wheat correlates with the explosion of celiac diseases and gluten allergies starting in 2006.",0,false,"Error processing claim"
"10. **Atrazine and Sexual Development in Frogs**: A study exposed male frogs to atrazine levels below what the EPA considers safe for humans, resulting in 30 of those frogs becoming chemically castrated, and four turning into females that produced fertile eggs.",0,false,"Error processing claim"
"11. **Ivermectin Misrepresentation**: There was a claim that the media misrepresented Joe Rogan's use of Ivermectin for COVID-19 treatment, focusing solely on its veterinary applications rather than its human use.",0,false,"Error processing claim"
"12. **Cleveland Clinic Study on Vaccine Efficacy**: A study (though source not given in the text) purportedly by the Cleveland Clinic suggests that vaccine protection wanes precipitously after two months and may lead to negative efficacy, making vaccinated individuals more susceptible after seven months.",0,false,"Error processing claim"
"Each of these claims touches on complex subjects that require in-depth investigation, including reviewing scientific studies, expert analyses, and cross-verification against multiple high-quality sources. The conversation mentions many significant and controversial topics, illustrating the importance of context, current scientific understanding, and the continuous evolution of knowledge in addressing such claims.",0,false,"Error processing claim"
"Given the complex and multifaceted dialogue within the transcript, pinpointing every strong scientific or technical claim requires careful analysis, particularly since the conversation spans topics from public health policy and vaccine efficacy to viral transmission and medical treatment controversies. Hereâ€™s a breakdown of several claims identified, noting the conversation's lack of in-depth source citation which would be crucial for a comprehensive fact-checking process:",0,false,"Error processing claim"
"1. **Vaccine Efficacy**: The claim that the COVID-19 vaccine shows negative efficacy after seven months, suggesting that vaccinated individuals are more likely to get sick than unvaccinated individuals after this period.",0,false,"Error processing claim"
"2. **Health Treatments**: The suggestion that vitamin D supplementation could have been a more beneficial public health strategy than vaccination.",0,false,"Error processing claim"
"3. **Vaccine and Illness Rates**: The assertion that more vaccines received correlates with a higher likelihood of getting sick, and that the most vaccinated individuals have 3.5 times the rate of illness compared to unvaccinated individuals.",0,false,"Error processing claim"
"4. **Spanish Flu Origin**: The claim that the Spanish Flu was not caused by a virus but rather was ""vaccine-induced,"" based on bacteriological pneumonia as the leading cause of death.",0,false,"Error processing claim"
"5. **Vaccine Development and Approval Processes**: The discussion implies that the COVID-19 vaccine emergency use authorization (EUA) would not have been possible if there were existing treatments (like ivermectin or hydroxychloroquine) that were recognized as effective against COVID-19.",0,false,"Error processing claim"
"6. **Vaccine-Related Mortality and Injury Reporting**: The claim involves high numbers of deaths and injuries reported post-vaccination via systems like VAERS, suggesting these are underreported by a factor of 10 to 100 times.",0,false,"Error processing claim"
"7. **Healthcare Financial Conflicts of Interest**: The assertion that significant financial entanglements exist between pharmaceutical companies and regulatory agencies like the FDA and NIH, which could bias vaccine promotion and approval processes.",0,false,"Error processing claim"
"8. **Pharmaceutical Advertising's Impact on Public Health**: The claim that direct-to-consumer pharmaceutical advertising significantly contributes to the high rate of drug consumption in the United States, making it a leading cause of death.",0,false,"Error processing claim"
"For each of these claims, a thorough fact-checking process would require cross-referencing with peer-reviewed studies, official health agency reports, and statements from credible health authorities. No specific studies or comprehensive sources were directly cited within the provided statements, which would be essential for validating or refuting each claim accurately.",0,false,"Error processing claim"
"Given the extensive nature of the provided transcript and the limitations of my current capabilities, especially regarding real-time source verification or accessing new data, I'm unable to directly validate specific claims with external sources or conduct a fresh analysis based on TF-IDF (Term Frequency-Inverse Document Frequency) & NLP (Natural Language Processing) techniques on the transcript. However, I will identify key claims that have a scientific or technical basis or implication for further investigation:",0,false,"Error processing claim"
"1. **Pharmaceutical Drugs and Public Health:** Pharmaceutical drugs are the number three killer in the U.S., following cancer and heart attacks. This implies a significant public health issue related to the consumption and potentially the regulation of pharmaceuticals.",0,false,"Error processing claim"
"2. **Impact of Pharmaceutical Advertising:** The U.S. and New Zealand are the only countries that allow direct-to-consumer pharmaceutical advertising, which has led to Americans consuming three to four times the amount of drugs as Europeans. This claim touches on public health policy and its socio-economic implications.",0,false,"Error processing claim"
"3. **Health Care Spending vs. Outcomes:** The U.S. spends more on healthcare ($4.3 trillion) than any other country but has the worst health outcomes, ranking behind Mongolia, Costa Rica, and Cuba. This claim involves health economics and comparative health policy analysis.",0,false,"Error processing claim"
"4. **Vaccines and Autism:** The claim challenges the assertion that vaccines do not cause autism, citing debates around scientific evidence and public health messaging. This is a highly contested area within both the scientific community and public discourse.",0,false,"Error processing claim"
"5. **Role of Militarization in Foreign Policy:** The transcript includes claims about U.S. foreign policy's impact, including military spending (1.3 trillion when including National Security) and its effects domestically and internationally. This encompasses defense economics and policy analysis.",0,false,"Error processing claim"
"6. **Economic Effects of Wars and Pandemic Responses:** The economic measures taken in response to conflicts (e.g., Ukraine) and health crises (e.g., COVID-19 lockdowns) have led to significant increases in national debt (mentioned as trillions of dollars spent) and inflation, specifically impacting the cost of basic goods and services. This claim falls under macroeconomic policy and its societal impacts.",0,false,"Error processing claim"
"Note: To conduct a thorough and academically credible fact-check on each of these points, one would need to engage with a wide array of data sources, including peer-reviewed research papers, government and NGO reports, and real-time economic data. Each of these topics crosses over multiple domains of expertise, from public health policy to international relations and economic theory.",0,false,"Error processing claim"
