Claim,Score
"Given the extensive nature of the transcript and the request, I'll highlight and format several key scientific and technical claims as specified. Note that due to the nature of this task and based on the information provided, evaluating the accuracy of these claims would require access to additional, external scientific sources and is beyond the capabilities provided here. However, I'll identify the claims as requested:",NaN
"4. **Chronic Disease Prevalence**: In the 1960s, 6% of Americans had chronic disease, which increased to 54% by 2006, with children making up a significant proportion of this increase.",8
"2. **Healthcare Costs and Chronic Disease**: 80% of the $4.3 trillion spent on healthcare every year in the U.S goes to chronic disease.",8
"**Vaccine Efficacy and Safety Claims:**",8
"1. **Importance of Metabolic Health**: The general assertion of the importance of metabolic health and lifestyle factors (nutrition, exercise, sunlight exposure for Vitamin D) over pharmaceutical interventions for immune system support.",8
"3. **Mercury Disposal from the Body**: There's a claim that ethyl mercury from vaccines is excreted from the body more quickly than methyl mercury from fish, based on a study comparing the excretion rates of both forms of mercury in children.",7
"6. **Nutrition and Immune System**: The importance of nutrition in building immune systems and its role in the decline of mortalities from infectious diseases, as opposed to the impact of vaccines, is discussed.",7
"5. **Autism Rate Increase**: Autism rates increased from 1 in 10,000 during the speaker's generation to 1 in every 34 kids in more recent times.",7
"1. **Chronic Disease in Children**: More than 54% of kids now have chronic disease.",7
"3. **Glyphosate and Blood Presence**: A study showed that a significant percentage of Americans, somewhere in the 90% range, had glyphosate in their blood.",7
"4. **Glyphosate's Origins and Use**: Glyphosate was originally developed as a tank scalant before being used as an herbicide. Monsanto's transition to creating Roundup and Roundup Ready crops significantly increased glyphosate's agricultural use from 1973 onwards.",7
"5. **Health Effects of Glyphosate**: Exposure to glyphosate is linked to many diseases, including non-alcoholic fatty liver, cancers, kidney diseases, and severe damage to the microbiome. ",7
"6. **Atrazine's Effects on Frogs**: A study (presumably by Tyrone Hayes) showed that atrazine exposure below EPA considered acceptable levels led to drastic changes in frogs, including chemical castration and male-to-female sex reversal.",7
"7. **Microplastics Impact**: Microplastics have a similar effect on reproductive systems to atrazine.",7
"8. **COVID-19 Vaccine Efficacy and Cleveland Clinic Study**: A study by the Cleveland Clinic suggested that COVID-19 vaccine efficacy wanes over time, with increased likelihood of contracting the disease after 7 months post-vaccination, especially with more doses.",7
"1. **Pharmaceutical Advertising's Effect on Drug Consumption**: The claim that pharmaceutical advertising, unique to the US and New Zealand, leads to higher drug consumption rates in the US compared to European countries, affecting public health negatively.",7
"1. **Pharmaceutical Advertising and Drug Consumption**: The claim that due to pharmaceutical advertising, Americans take three to four times the amount of drugs as Europeans.",7
"2. **Drug-Related Deaths**: The statement that drugs are the number three killer in the country, following cancer and heart attacks.",7
"3. **Healthcare Expenditure vs. Outcomes**: The assertion that the United States spends more on healthcare ($4.3 trillion) than any other country but has the worst health outcomes, trailing behind nations like Mongolia, Costa Rica, and Cuba.",7
"4. **Pharmaceutical Advertising Influence**: The claim that since the rule change in 1997 allowing pharmaceutical advertising on television, there has been a major shift allowing pharmaceutical companies not only to advertise directly to consumers but also to have a significant influence over content on television.",7
"5. **Regulatory Impacts of Pharmaceutical Advertising**: The implication that the allowance of pharmaceutical advertising on television has compromised public health by increasing drug consumption significantly.",7
"6. **Effects of Vaccination Discussion on Public Debates**: The notion that discussions or debates about vaccine safety, particularly in relation to autism, are highly divisive and tend to be avoided in public forums, with claims that vaccines are not linked to autism being contested.",7
"8. **Military Expenditure**: The assertion that the total military expenditure of the United States, including national security, is 1.3 trillion dollars, and the commentary on the expected reduction of military spending post-Cold War that did not occur.",7
"1. **Emergency Use Authorization (EUA) Law**: It's claimed that the EUA statute prevents the authorization of a vaccine if there's a treatment available that can effectively treat the disease.",6
"7. **Financial Prioritization in the United States**: The claim that the U.S. has sufficient funds for military and banking sectors but not enough to support basic welfare programs, evidenced by an anecdote regarding significant cuts to food assistance programs while substantial funds are allocated to other sectors.",6
"7. **Vaccine Injury Reporting**: The claim is made that fewer than 1 in 100 vaccine injuries are ever reported due to the voluntary nature of the reporting system.",5
"2. **Relative Risk in Scientific Studies**: A relative risk of two is considered proof of causation in scientific studies, as long as there's biological plausibility.",5
"7. **Cell Phone Radiation**: Holding cell phones close to the body is linked to cancer, specifically glioblastomas behind the ear of the favored side for phone use.",5
"1. **Efficacy Waning**: The vaccine's protection wanes precipitously after two months and enters negative efficacy after seven months.",5
"1. **Vaccine Trial Statistics Manipulation**: Pfizer's COVID-19 vaccine trial results are presented in a way that misleadingly inflates the perception of effectiveness.",5
"1. **NIH Royalties from Vaccines**: Individuals working on vaccines at NIH can collect royalties, potentially influencing their advocacy for vaccine uptake irrespective of actual public health benefits.",5
"1. **Mercury Toxicity in Vaccines**: Ethyl mercury, used in vaccines as a preservative (thimerosal), is claimed to cross the blood-brain barrier more easily than methyl mercury found in fish, leading to severe brain inflammation.",4
"6. **Wi-Fi Radiation**: Wi-Fi radiation is claimed to open the blood-brain barrier, degrade mitochondria, and increase the risk of cancer and neurodegenerative diseases.",4
"2. **Increased Illness Post-Vaccination**: The more vaccines one receives, the more likely one is to get sick, with the most vaccinated experiencing 3.5 times the rate of illness compared to the unvaccinated.",4
"2. **Alternative Treatments Over Vaccines**: Claims suggest that administering Vitamin D could have been a more effective measure than vaccination for COVID-19.",4
"1. **Spanish Flu Misattribution**: The assertion that the Spanish Flu deaths were primarily caused by bacterial pneumonia, not the flu itself, and were potentially exacerbated by measures at the time, such as mask-wearing.",4
"4. **Origins of the Autism Epidemic**: The claim is made that the autism epidemic began in 1989, which coincides with the year the vaccine schedule was expanded significantly.",3
"2. **Vaccine Testing**: It's claimed that not one of the 72 vaccines recommended (mandated for school children) has ever been tested pre-licensing in a placebo-controlled trial focused on safety.",2
"5. **Vaccine Safety Data Analysis**: It's claimed that an analysis of the Vaccine Safety Datalink showed a significantly increased risk of autism diagnosis in children who received the hepatitis B vaccine within their first month of life compared to those who did not.",2
"3. **Comparison of Smoking and Vaccine Risk**: The relative risk of developing lung cancer from smoking a pack of cigarettes daily for 20 years is 10, akin to the relative risk of 11.35 for autism from early hepatitis B vaccination.",1
"**Public Health Figures and Treatment Claims:**",NaN
"1. **Fouchy's Early Assertions**: Initially, Fauci indicated vaccines could make individuals more susceptible to sickness.",2
"**Historical Health Crisis Analysis Claims:**",NaN
"Given the extensive nature of the text provided and focusing on extracting strong scientific or technical claims, it's important to clarify that without external resources, the ability to verify these claims here is limited. However, based on the text, several claims can be identified and categorized for potential further review. None of the specific claims in the transcript are directly supported by explicit scientific references or data within the text itself. Here are some of the claims mentioned:",NaN
